{"stat.walkOneCm":23861,"stat.craftItem.265":6,"stat.useItem.61":3,"achievement.openInventory":4,"stat.craftItem.5":12,"stat.craftItem.61":3,"stat.craftItem.280":4,"stat.damageTaken":40,"stat.mineBlock.175":1,"stat.mineBlock.3":34,"stat.mineBlock.1":321,"stat.mineBlock.61":3,"stat.mineBlock.21":4,"stat.mineBlock.14":8,"stat.mineBlock.58":1,"stat.mineBlock.13":42,"stat.flyOneCm":52,"stat.mineBlock.16":8,"stat.craftItem.58":1,"stat.mineBlock.15":7,"stat.drop":9,"stat.jump":31,"stat.swimOneCm":1498,"stat.playOneMinute":10868,"stat.fallOneCm":1850,"stat.mineBlock.73":11,"achievement.exploreAllBiomes":{"value":0,"progress":["Sunflower Plains","Flower Forest","Forest"]},"stat.useItem.58":1,"stat.craftItem.309":1}