{"stat.useItem.20":39,"stat.useItem.383":18,"stat.flyOneCm":15378,"stat.useItem.44":5,"stat.useItem.78":4,"stat.deaths":1,"stat.walkOneCm":29151,"stat.drop":9,"stat.jump":86,"stat.playOneMinute":13857,"achievement.openInventory":12,"stat.damageTaken":450,"stat.damageDealt":1850,"stat.killEntity.mobHalloween":4,"stat.mobKills":4,"stat.entityKilledBy.mobHalloween":1,"achievement.exploreAllBiomes":{"value":0,"progress":["Birch Forest Hills","ForestHills","Flower Forest","Birch Forest","Forest"]},"stat.useItem.24":2}