{"stat.mineBlock.24":329,"stat.mineBlock.16":62,"stat.flyOneCm":12671,"stat.mineBlock.15":25,"stat.deaths":1,"stat.useItem.12":10,"stat.walkOneCm":52391,"stat.drop":35,"stat.jump":91,"stat.swimOneCm":2156,"stat.playOneMinute":24908,"achievement.openInventory":12,"stat.fallOneCm":3150,"stat.useItem.4":62,"stat.useItem.3":22,"stat.mineBlock.4":37,"stat.damageTaken":1610,"stat.mineBlock.3":461,"stat.mineBlock.1":2031,"stat.mineBlock.73":3,"achievement.exploreAllBiomes":{"value":0,"progress":["Beach","Taiga M","Plains"]},"stat.diveOneCm":5158,"stat.mineBlock.12":478}